FirstName,LastName,RoleID,Email,PhoneNumber,HireDate
Scott,Gross,1,lgreen@samplengo.org,4466153955,2018-05-26
Angel,Wilson,2,floresjohn@samplengo.net,7117474479,2019-08-31
Maxwell,Mills,2,jmccoy@samplengo.org,4212081495,2024-07-08
Danielle,Schwartz,3,howellnichole@samplengo.net,7995313603,2023-07-16
Brandi,Johnson,3,gharrington@samplengo.org,6723718060,2024-06-17
Teresa,Lee,3,angel48@samplengo.com,2509218408,2023-09-05
David,Joseph,4,tiffany61@samplengo.org,2675438232,2023-12-16
Sean,Fisher,5,mario47@samplengo.org,9995574303,2023-06-01
Elizabeth,Reese,6,steven95@samplengo.net,3467300040,2023-04-20
Kelly,Ellis,6,paulafleming@samplengo.org,3644466093,2023-07-17
Virginia,Guzman,7,harrisleah@samplengo.org,2748283160,2022-08-27
Timothy,Olsen,8,tracimarshall@samplengo.net,4585206476,2023-12-30
Crystal,Wright,8,vreed@samplengo.net,2342930327,2023-01-27
Patricia,Walker,8,omorrison@samplengo.net,8665538513,2022-12-30
Chad,Hayes,9,tbaldwin@samplengo.com,6153786561,2023-08-05
Kimberly,Kelly,9,nicholasjohnson@samplengo.net,5454347202,2023-05-16
