VolunteerID,FirstName,LastName,Email,PhoneNumber,Availability,JoinDate
1,Crystal,Atkins,msmith@samplengo.net,5648899398,No,07/11/2022
2,Belinda,Shannon,cdrake@samplengo.com,1588108967,No,04/11/2020
3,Joan,Garcia,steventyler@samplengo.net,9250537834,Yes,04/28/2021
4,Gary,Russell,ljenkins@samplengo.org,3385342989,Yes,10/17/2020
5,Rhonda,Garcia,matthewfowler@samplengo.org,7431782140,Yes,07/13/2023
6,Dennis,Jimenez,kingjeremy@samplengo.net,1899139374,Yes,11/06/2024
7,Nathaniel,Roman,mdelgado@samplengo.net,2443243440,Yes,12/13/2022
8,Adrian,Mann,larry35@samplengo.net,9203522292,Yes,08/27/2020
9,Jonathan,Cabrera,bshort@samplengo.net,6448279252,Yes,02/06/2021
10,David,Padilla,estradaaaron@samplengo.com,4623466812,Yes,12/03/2022
11,James,Johnson,ybarry@samplengo.org,8556486464,Yes,07/14/2020
12,Kelli,Smith,washley@samplengo.com,5013538553,Yes,11/25/2021
13,Zachary,Gamble,maryvalentine@samplengo.org,5309679513,Yes,09/21/2022
14,Holly,Wright,tcox@samplengo.net,7601613593,No,03/20/2020
15,John,Coffey,amandaelliott@samplengo.com,9472269579,Yes,06/24/2024
16,Aruna,Karuna,arunakaruna@samplengo.com,1234567891,No,12/07/2020
17,Bindu,Madhuri,bindumadhuri@samplengo.com,1245678912,Yes,11/08/2021
18,Chamanthi,Rao,chamanthirao@samplengo.com,1256789123,Yes,06/06/2022
19,Devi,Katragadda,devisrisailam@samplengo.com,1267891234,Yes,03/02/2023
20,Suma,Kanakam,sumakanakam@samplengo.com,1278912345,Yes,05/04/2024
