DonorID,FirstName,LastName,Email,PhoneNumber,Address
1,Tracy,Snow,jonathancalderon@example.net,2373061008,"308 Edwin Hill Apt. 671
East Jonathan, KY 38863"
2,Shannon,Harrington,velazquezclayton@example.net,5707102499,"3668 Smith Forks Apt. 253
South Michellefort, AR 03489"
3,Alyssa,Cameron,rpatrick@example.org,9344588637,"USCGC Mendez
FPO AE 15308"
4,Joe,Beard,gonzalezjesse@example.org,7593074423,"76095 Chase Gardens Apt. 420
New Alexanderhaven, OR 24558"
5,Susan,Murray,baileymaria@example.com,7410544510,"6013 Michelle Centers
North Matthewchester, VT 15086"
6,Sarah,Patton,amandamitchell@example.org,2971365853,"0760 Shields Manor Apt. 822
North Jennifermouth, NY 04854"
7,Brad,Davis,trujillocheryl@example.org,1626504884,"615 Nathan Pike Suite 803
Earlside, GA 84502"
8,Amy,Benson,william20@example.net,5787238622,"81730 Larson River
Richardville, PR 47550"
9,Matthew,Esparza,fwilson@example.net,2826488458,"3424 Jarvis Isle Apt. 558
North Briana, NV 85446"
10,Mark,Horton,cindybarnes@example.net,9219760222,"402 Chelsea Causeway
Lake Julia, PR 13132"
11,Cindy,Wall,stricklandalexandra@example.com,1410753783,"5726 John Pass
Barrettberg, NE 37051"
12,Ryan,George,guzmanjamie@example.net,6910291379,"90117 Kyle Parkway Apt. 056
Port Jesse, SC 49513"
13,Matthew,Chase,christophersanchez@example.com,2620184952,"15178 Shawn Causeway Suite 704
Martinside, TX 93953"
14,Cody,Hernandez,ellisbarbara@example.net,9131409060,"545 Kenneth Track
Bartlettfurt, AL 92597"
15,Jennifer,Howard,wwilliams@example.com,4550218149,"Unit 2861 Box 7559
DPO AP 96846"
16,Rhonda,Perez,harrisbrittany@example.com,7035385400,"55646 Mack Rest Apt. 654
South Randyborough, KS 55153"
17,Laura,Taylor,ericmorgan@example.net,9295637163,"729 James Squares Apt. 851
North Tanya, VA 07894"
18,Christine,Jones,tamaralucas@example.org,6834770792,"87913 Derek Pine
South Donnaville, PR 69637"
19,Ryan,Crawford,vincentkennedy@example.org,6315819355,"1474 Hutchinson Roads Suite 769
Lake Pamelahaven, MH 47316"
20,Amanda,Lynn,nelsonlindsey@example.com,7368031103,"5994 Natalie Rapids Apt. 152
East Shawnside, MO 98830"
21,Donna,Carpenter,jonathantownsend@example.com,5400426562,"08570 Chase Springs Suite 150
Kellyborough, AS 48940"
22,Dawn,Ramirez,olsenangela@example.com,5995567391,"48228 Valerie Hills Apt. 067
Heatherville, NC 85716"
23,Michael,Hall,rodriguezstephanie@example.com,3099481625,"654 Amanda Drive Apt. 256
West Sherrishire, VA 60502"
24,Chloe,Mendez,priceashley@example.org,4654383339,"PSC 8098, Box 8827
APO AA 19831"
25,Richard,Marquez,jacqueline79@example.org,7818347228,"1558 Smith Path Apt. 245
East Margaretton, VA 38309"
26,Crystal,Ellis,stokesjacob@example.net,5064548782,"035 Steven Mills
Stanleychester, GU 43525"
27,Diane,Jones,markjimenez@example.org,8680334478,"99262 Ryan Gateway
South Johnview, MI 61110"
28,Kevin,Hurley,gperkins@example.net,7861214006,"7332 Gibson Expressway
South Tracy, DE 45549"
29,David,Jones,jason66@example.net,9352409067,"226 Gordon Glens
West Johnnyhaven, MI 13602"
30,Austin,Burnett,benjaminshelton@example.net,6300036665,"9129 Johnson Run Suite 147
Port Angelahaven, OK 69336"
